pool_name,pool_address,pool_data,total_liquidity
WMATIC/WETH (0.05%),0x1a34EaBbe928Bf431B679959379b2225d60D9cdA,"[((b'j\xdd\xe7\xc1R\xdc+m\xcf\xcc_\x0c}\x172\xbd\xa2\xa2l8\n\xa6\xa2N\xff\x8c3\xaa5\nE\xd7', '0x1a34EaBbe928Bf431B679959379b2225d60D9cdA', '0x3A29CAb2E124919d14a6F735b6033a3AaD2B260F', 306202320799525034866246, [], [], 100, 100, 9800, 1702512000, 168, 0, 25000, '0xB419cE2ea99f356BaE0caC47282B9409E38200fa', b''), 500, ('0x0d500B1d8E8eF31E21C99d1Db9A6444d3ADf1270', 18, 'WMATIC', 700986291444502633345351), ('0x7ceB23fD6bC0adD59E62ac25578270cFf1b9f619', 18, 'WETH', 121296994126117570128), 'oRETRO', 18)]",840939.92
WMATIC/USDC (0.05%),0xEC15624FBB314eb05BaaD4cA49b7904C0Cb6b645,"[((b'\xe9\xbf\x9e\x1f*\x1d[\xeb\x08p\xc2\x01\x9cRG\xdb*Q\x97i\x83o\x85\xe7\xac+\xac\xe3\xce\xff\x15\xca', '0xEC15624FBB314eb05BaaD4cA49b7904C0Cb6b645', '0x3A29CAb2E124919d14a6F735b6033a3AaD2B260F', 216385103240638422480429, [], [], 100, 100, 9800, 1702512000, 168, 0, 25000, '0xB419cE2ea99f356BaE0caC47282B9409E38200fa', b''), 500, ('0x0d500B1d8E8eF31E21C99d1Db9A6444d3ADf1270', 18, 'WMATIC', 234173580670264169112370), ('0x2791Bca1f2de4661ED88A30C99A7a9449Aa84174', 6, 'USDC', 249698261001), 'oRETRO', 18)]",439702.49
USDC/WETH (0.05%),0xCE67850420c82dB45eb7fEeCcD2d181300D2BDB3,"[((b'\xdfa(\xcc\x80\x0f\xf0\xcc\xc9\x1f.\x85\x12\x8f\xe5\xe9+\xbb\x04\x04\x81\x1a\xe7\x8b\xfa\t}\xa2\x01\x86\xeb\xab', '0xCE67850420c82dB45eb7fEeCcD2d181300D2BDB3', '0x3A29CAb2E124919d14a6F735b6033a3AaD2B260F', 71013999749495450286801, [], [], 100, 100, 9800, 1702512000, 168, 0, 25000, '0xB419cE2ea99f356BaE0caC47282B9409E38200fa', b''), 500, ('0x2791Bca1f2de4661ED88A30C99A7a9449Aa84174', 6, 'USDC', 194079406170), ('0x7ceB23fD6bC0adD59E62ac25578270cFf1b9f619', 18, 'WETH', 68371312001858597011), 'oRETRO', 18)]",347494.37
WBTC/WETH (0.05%),0xb694E3bdd4BCdF843510983D257679D1E627C474,"[((b'\xbe\xfe\x07}`N\xd4\x1e\xd3\x81\xfc}1\xe1\x8a\x1c\xb9\x1b\xb7\xbc\xb9D\xb9\xb9\xbc\x02d\xd1\x8c\x96\xc8\xb8', '0xb694E3bdd4BCdF843510983D257679D1E627C474', '0x3A29CAb2E124919d14a6F735b6033a3AaD2B260F', 132455399417281037360142, [], [], 100, 100, 9800, 1702512000, 168, 0, 25000, '0xB419cE2ea99f356BaE0caC47282B9409E38200fa', b''), 500, ('0x1BFD67037B42Cf73acF2047067bd4F2C47D9BfD6', 8, 'WBTC', 698932089), ('0x7ceB23fD6bC0adD59E62ac25578270cFf1b9f619', 18, 'WETH', 603711147273040918346), 'oRETRO', 18)]",1654681.81
WMATIC/USDT (0.05%),0xB580229645b240A368768ec3E88cb67A41eBBC5B,"[((b'b\x81\xb2b\xb2\xf1`k\x9eG\xe5)\xd4\x87)\xf1x<\x17\x10\xc2\xa7y\xc2\xa7=\xebZ\xe5X7D', '0xB580229645b240A368768ec3E88cb67A41eBBC5B', '0x3A29CAb2E124919d14a6F735b6033a3AaD2B260F', 5591961040880408321715, [], [], 3000, 3000, 4000, 1702512000, 168, 0, 25000, '0xB419cE2ea99f356BaE0caC47282B9409E38200fa', b''), 500, ('0x0d500B1d8E8eF31E21C99d1Db9A6444d3ADf1270', 18, 'WMATIC', 7131313313486282609406), ('0xc2132D05D31c914a87C6611C10748AEb04B58e8F', 6, 'USDT', 10475268276), 'oRETRO', 18)]",16260.45
WMATIC/CASH (0.05%),0x63ca6ED3D390C725b7FEb617BAdcab78a61038E8,"[((b'\x0e\x94Y\xe4\xf6\x0f:\x19\xc6\x18\x1a\x8b0""a\xbc>\x98\r\xdfx]@}\x15&\'\xa4\xf5\x11\xe5\xb5', '0x63ca6ED3D390C725b7FEb617BAdcab78a61038E8', '0x3A29CAb2E124919d14a6F735b6033a3AaD2B260F', 1442015783324634352475, [], [], 3000, 3000, 4000, 1702512000, 168, 0, 25000, '0xB419cE2ea99f356BaE0caC47282B9409E38200fa', b''), 500, ('0x0d500B1d8E8eF31E21C99d1Db9A6444d3ADf1270', 18, 'WMATIC', 4812516269720277501929), ('0x5D066D022EDE10eFa2717eD3D79f22F949F8C175', 18, 'CASH', 6684412207080401707936), 'oRETRO', 18)]",10587.64
CASH/WETH (0.05%),0x0A46B0712974F201BeD15c2458a023EbED25eF4F,"[((b'""\x10u\x98}\xe7\x96\xf5Cv\xdd\xd8};P\x83\xb4\x18\xe8b\xfe""\x88`\x93\xe8\x926\xadC\xf8\xae', '0x0A46B0712974F201BeD15c2458a023EbED25eF4F', '0x3A29CAb2E124919d14a6F735b6033a3AaD2B260F', 936186541656997780829, [], [], 3000, 3000, 4000, 1702512000, 168, 0, 25000, '0xB419cE2ea99f356BaE0caC47282B9409E38200fa', b''), 500, ('0x5D066D022EDE10eFa2717eD3D79f22F949F8C175', 18, 'CASH', 6823744115674445798236), ('0x7ceB23fD6bC0adD59E62ac25578270cFf1b9f619', 18, 'WETH', 1446692273773287052), 'oRETRO', 18)]",10068.31
USDC/CASH (0.01%),0x619259F699839dD1498FFC22297044462483bD27,"[((b'\xb4\xf3u+\x0b\xf6K\xd1\xcb\xa4\x80\xd8\x81\xd89\xcbdy7\xf7\xb7\xa6\xb3\x16\xecw\x1a\xcf\x00\xf7\x91\x85', '0x619259F699839dD1498FFC22297044462483bD27', '0x3A29CAb2E124919d14a6F735b6033a3AaD2B260F', 2764136181930031624030, [], [], 100, 100, 9800, 1702512000, 168, 0, 25000, '0xB419cE2ea99f356BaE0caC47282B9409E38200fa', b''), 100, ('0x2791Bca1f2de4661ED88A30C99A7a9449Aa84174', 6, 'USDC', 108631288594), ('0x5D066D022EDE10eFa2717eD3D79f22F949F8C175', 18, 'CASH', 62870322970020690114967), 'oRETRO', 18), ((b'\x04\x04u\xf5<\x92\x91\xa4\x13B\x08T\xedl\xe3\x10Xz\xa5|\xce\r[\xd7\xd5\xb1\xcf\xacI\x17\xa6\xd6', '0x619259F699839dD1498FFC22297044462483bD27', '0x3A29CAb2E124919d14a6F735b6033a3AaD2B260F', 43650000000000000000000, [], [], 4500, 4500, 1000, 1702594800, 313, 0, 0, '0x0000000000000000000000000000000000000000', b'\x00\x00\x00\x00\x00\x00\x00\x00\x00\x00\x00\x00\x00\x00\x00\x00\x00\x00\x00\x00\x00\x00\x00\x00\x00\x00\x00\x00\x00\x00\x00\x02'), 100, ('0x2791Bca1f2de4661ED88A30C99A7a9449Aa84174', 6, 'USDC', 108631288594), ('0x5D066D022EDE10eFa2717eD3D79f22F949F8C175', 18, 'CASH', 62870322970020690114967), 'oRETRO', 18)]",171486.96
CASH/USDT (0.01%),0x160FBF00AB5fbF0200c0Cd4929aEaa2AdD25FB5b,"[((b'\xd8\x95N\x04\xde\xab\xda\xc5TQ\x93\x87D\xba\xcb\xfcA\x9a\xfa\x9e9\x89\xda\xb2""\x07\xe5\x84\x15\'\x8b\xf4', '0x160FBF00AB5fbF0200c0Cd4929aEaa2AdD25FB5b', '0x3A29CAb2E124919d14a6F735b6033a3AaD2B260F', 235541935453129827218, [], [], 3000, 3000, 4000, 1702512000, 168, 0, 25000, '0xB419cE2ea99f356BaE0caC47282B9409E38200fa', b''), 100, ('0x5D066D022EDE10eFa2717eD3D79f22F949F8C175', 18, 'CASH', 3310217272202371269214), ('0xc2132D05D31c914a87C6611C10748AEb04B58e8F', 6, 'USDT', 2368739548), 'oRETRO', 18)]",5677.95
CASH/MaticX (0.05%),0xb98F8DF0DC6750A3e54540A1e094186C8bED780a,"[((b'\x14\xa7+\xe6\xc1Q\xc1\xe5\xd7L\xa2\x0fB\xc6\x031\xef\x95\xcf\xce\xc5 \xb4T\xc4\xd1\xdfs\xa5)\xb0i', '0xb98F8DF0DC6750A3e54540A1e094186C8bED780a', '0x3A29CAb2E124919d14a6F735b6033a3AaD2B260F', 459431752285785410879, [], [], 3000, 3000, 4000, 1702512000, 168, 0, 25000, '0xB419cE2ea99f356BaE0caC47282B9409E38200fa', b''), 500, ('0x5D066D022EDE10eFa2717eD3D79f22F949F8C175', 18, 'CASH', 1019520372317883794686), ('0xfa68FB4628DFF1028CFEc22b4162FCcd0d45efb6', 18, 'MaticX', 4462214237306357177616), 'oRETRO', 18)]",4965.95
USDC/agEUR (0.05%),0xC2CB03a819F785bD8eb8D628BAD41Cd7c1C71F4B,"[((b'LEe\xca\xbe\x13\xc2\xda\xfe`\xb7\xac\xf0B\x93\xb7-\x80\xa03\xd2=\xe5Ff9\xcaJ\xb7!\x85\x85', '0xC2CB03a819F785bD8eb8D628BAD41Cd7c1C71F4B', '0x3A29CAb2E124919d14a6F735b6033a3AaD2B260F', 3222259140366326103435, [], [], 3000, 3000, 4000, 1702512000, 168, 0, 25000, '0xB419cE2ea99f356BaE0caC47282B9409E38200fa', b''), 500, ('0x2791Bca1f2de4661ED88A30C99A7a9449Aa84174', 6, 'USDC', 17095172892), ('0xE0B52e49357Fd4DAf2c15e02058DCE6BC0057db4', 18, 'agEUR', 35321444864463994400960), 'oRETRO', 18)]",55736.83
FRAX/CASH (0.01%),0x72289129Dc4937a5d406d1ECeD8b2A17d007A650,"[((b'\xf8\xeaN\xee\xea-;IS\xb5\xbd\x89\xa5\x8b\x8cu\xbe\xea\x1e9*\x81\x07\xd0\x01\xf0\xcf\xdfs\xa2S\xe6', '0x72289129Dc4937a5d406d1ECeD8b2A17d007A650', '0x3A29CAb2E124919d14a6F735b6033a3AaD2B260F', 1501013917718001648422, [], [], 3000, 3000, 4000, 1702512000, 168, 0, 25000, '0xB419cE2ea99f356BaE0caC47282B9409E38200fa', b''), 100, ('0x45c32fA6DF82ead1e2EF74d17b76547EDdFaFF89', 18, 'FRAX', 8909433054106672355743), ('0x5D066D022EDE10eFa2717eD3D79f22F949F8C175', 18, 'CASH', 492322817562998140447), 'oRETRO', 18)]",9401.64
CASH/RETRO (1%),0xb47A07966cE6812702C0567d03725F1b37E27877,"[((b'\x86\x1c\x06\x87\xd1\xd9\xa6\x0b>\xb0!\xed\xed\xde\xda\x80HE8`\xc2\xd8`y\xf6#\x02\xf4\x05\xdc\xd1<', '0xb47A07966cE6812702C0567d03725F1b37E27877', '0x3A29CAb2E124919d14a6F735b6033a3AaD2B260F', 61827468506379036073224, [], [], 7000, 0, 3000, 1702512000, 168, 0, 25000, '0xB419cE2ea99f356BaE0caC47282B9409E38200fa', b''), 10000, ('0x5D066D022EDE10eFa2717eD3D79f22F949F8C175', 18, 'CASH', 91901930351599417088824), ('0xBFA35599c7AEbb0dAcE9b5aa3ca5f2a79624D8Eb', 18, 'RETRO', 2139200159422265457352121), 'oRETRO', 18)]",303832.47
WETH/RETRO (1%),0x35394eED0Be676ec6470fE6531daD809265310ff,"[((b'\x9c\x0c\x94\x14\xc7\x10\x85\x80\xf3\xfa\xdb\x18\xfb\xba?\xdb\x9fj\xba\x81lv\xba\xa2Z\xe7L\xbd\x07k\xd0_', '0x35394eED0Be676ec6470fE6531daD809265310ff', '0x3A29CAb2E124919d14a6F735b6033a3AaD2B260F', 66404514933832501267923, [], [], 7000, 0, 3000, 1702512000, 168, 0, 25000, '0xB419cE2ea99f356BaE0caC47282B9409E38200fa', b''), 10000, ('0x7ceB23fD6bC0adD59E62ac25578270cFf1b9f619', 18, 'WETH', 46997818540409958618), ('0xBFA35599c7AEbb0dAcE9b5aa3ca5f2a79624D8Eb', 18, 'RETRO', 177795824885218389198895), 'oRETRO', 18)]",123072.07
WMATIC/RETRO (1%),0x547FD24AA2ED09d86dAC02E36b8Ce84A59fD644F,"[((b'o\xd7\xa8\xad\xa4\xacu\x14\xc4\x1d:\x88`v\xa1\x16\xba\x00\xdf\x8f""\xf3\xcc\xe9\x96\x8c\x01\xb0,,wT', '0x547FD24AA2ED09d86dAC02E36b8Ce84A59fD644F', '0x3A29CAb2E124919d14a6F735b6033a3AaD2B260F', 55961115618449338069070, [], [], 7000, 0, 3000, 1702512000, 168, 0, 25000, '0xB419cE2ea99f356BaE0caC47282B9409E38200fa', b''), 10000, ('0x0d500B1d8E8eF31E21C99d1Db9A6444d3ADf1270', 18, 'WMATIC', 102578951222745390783340), ('0xBFA35599c7AEbb0dAcE9b5aa3ca5f2a79624D8Eb', 18, 'RETRO', 139784478119670937437422), 'oRETRO', 18)]",97080.56
WBTC/RETRO (1%),0x0F73E719a76947752E4b26A2c3FC80a580e68fB4,"[((b'\x8d\x8e\x84D\xb72\xd0{\x84\x83\xb4\xe1\xd1A\xc1?\x0bv\xbc\xd3Q\xb2zX\xd6\x1d2O\xb1\xaf\x14\xc6', '0x0F73E719a76947752E4b26A2c3FC80a580e68fB4', '0x3A29CAb2E124919d14a6F735b6033a3AaD2B260F', 49230253825662170998540, [], [], 7000, 0, 3000, 1702512000, 168, 0, 25000, '0xB419cE2ea99f356BaE0caC47282B9409E38200fa', b''), 10000, ('0x1BFD67037B42Cf73acF2047067bd4F2C47D9BfD6', 8, 'WBTC', 154787526), ('0xBFA35599c7AEbb0dAcE9b5aa3ca5f2a79624D8Eb', 18, 'RETRO', 143811620776621298089800), 'oRETRO', 18)]",80697.59
stMATIC/RETRO (1%),0x0973698BB6399c39d628698f9300430C4e7c9bf9,"[((b'\xc7\xb1Q\xb0\x84\nf\rQ.\xe8\xd4\xe8qN\xf0\x8b\x7f{\x85\xba\x18/\xaa\xd5T8.\x10\xa2""\x1a', '0x0973698BB6399c39d628698f9300430C4e7c9bf9', '0x3A29CAb2E124919d14a6F735b6033a3AaD2B260F', 511588040410857155980, [], [], 7000, 0, 3000, 1702512000, 168, 0, 25000, '0xB419cE2ea99f356BaE0caC47282B9409E38200fa', b''), 10000, ('0x3A58a54C066FdC0f2D55FC9C89F0415C92eBf3C4', 18, 'stMATIC', 4592178119037482720124), ('0xBFA35599c7AEbb0dAcE9b5aa3ca5f2a79624D8Eb', 18, 'RETRO', 14284944582036106841762), 'oRETRO', 18)]",5499.95
USDC/RETRO (1%),0xc7d8B9c270D0E31A6a0Cf4496fe019766Be42E15,"[((b'U&\xee\xcc\xf1\xa7\xeb\xa6\x1d<\xa4O/\xbc\x8e\xe52!\x04/\x8d\xd6Y\x02\x8dy\xfb\x95\xc2X\x86m', '0xc7d8B9c270D0E31A6a0Cf4496fe019766Be42E15', '0x3A29CAb2E124919d14a6F735b6033a3AaD2B260F', 44359561596821009941471, [], [], 7000, 0, 3000, 1702512000, 168, 0, 25000, '0xB419cE2ea99f356BaE0caC47282B9409E38200fa', b''), 10000, ('0x2791Bca1f2de4661ED88A30C99A7a9449Aa84174', 6, 'USDC', 55783870911), ('0xBFA35599c7AEbb0dAcE9b5aa3ca5f2a79624D8Eb', 18, 'RETRO', 117708417710966372076811), 'oRETRO', 18)]",67446.42
RETRO/USDT (1%),0x69dCAE97A1286B112a8BD75bD9147bD0a3207756,"[((b'\xd5M\x08\xb7\xd13~\xdd\xc0\xc2\xe3(\xa9\xa4l\x8f\xa5Wr\t\xe2d4A\x861\xceQ\x1fq\x0b\xba', '0x69dCAE97A1286B112a8BD75bD9147bD0a3207756', '0x3A29CAb2E124919d14a6F735b6033a3AaD2B260F', 1149144591703178492838, [], [], 0, 7000, 3000, 1702512000, 168, 0, 25000, '0xB419cE2ea99f356BaE0caC47282B9409E38200fa', b''), 10000, ('0xBFA35599c7AEbb0dAcE9b5aa3ca5f2a79624D8Eb', 18, 'RETRO', 41761997414378748420484), ('0xc2132D05D31c914a87C6611C10748AEb04B58e8F', 6, 'USDT', 10029196989), 'oRETRO', 18)]",14165.98
miMATIC/RETRO (1%),0xd98eEf295f78ddDd104a8645854C7F8714B39B88,"[((b""V\xde\xd6\xc30\x98\x98\xc2\xe5*\xb2\xbe\x9f\xcb \xf4\x8c{\xbc|\x83\x00\xe9'\xe3\xefa\xe4\xc7\xdc\xb4\xda"", '0xd98eEf295f78ddDd104a8645854C7F8714B39B88', '0x3A29CAb2E124919d14a6F735b6033a3AaD2B260F', 985904626141746874981, [], [], 7000, 0, 3000, 1702512000, 168, 0, 25000, '0xB419cE2ea99f356BaE0caC47282B9409E38200fa', b''), 10000, ('0xa3Fa99A148fA48D14Ed51d610c367C61876997F1', 18, 'miMATIC', 13752969653702375489492), ('0xBFA35599c7AEbb0dAcE9b5aa3ca5f2a79624D8Eb', 18, 'RETRO', 51279707117855964007736), 'oRETRO', 18)]",17288.75
LINK/RETRO (1%),0x7761c7233924C3D72F27Fae6a81B074C0152e03a,"[((b'~r\xacn\xa6\x17\x19\x9c\xc7\xf3\x08=\xc7\x98\xfc\xa7Dm\xcc\xb0\xeey\x9br\x9dk\xed\xfd9\x0e\x86a', '0x7761c7233924C3D72F27Fae6a81B074C0152e03a', '0x3A29CAb2E124919d14a6F735b6033a3AaD2B260F', 1662253103245811482387, [], [], 7000, 0, 3000, 1702512000, 168, 0, 25000, '0xB419cE2ea99f356BaE0caC47282B9409E38200fa', b''), 10000, ('0x53E0bca35eC356BD5ddDFebbD1Fc0fD03FaBad39', 18, 'LINK', 1386974006871822104477), ('0xBFA35599c7AEbb0dAcE9b5aa3ca5f2a79624D8Eb', 18, 'RETRO', 72996739980177385613009), 'oRETRO', 18)]",27551.69
RETRO/agEUR (1%),0x15949526fF03fE6ab5f49dA6a86749c20141b3f1,"[((b'\x13\xdf\xcd\x07\x9cn\xa7\x1b\x80L\xc6<\xb2k~>y\x887\x01\xe0\xe3\x95\x8c\xd1\x83b\x9eG\x93\x8a\xb9', '0x15949526fF03fE6ab5f49dA6a86749c20141b3f1', '0x3A29CAb2E124919d14a6F735b6033a3AaD2B260F', 976605841685598856131, [], [], 0, 7000, 3000, 1702512000, 168, 0, 25000, '0xB419cE2ea99f356BaE0caC47282B9409E38200fa', b''), 10000, ('0xBFA35599c7AEbb0dAcE9b5aa3ca5f2a79624D8Eb', 18, 'RETRO', 32402841357544500723225), ('0xE0B52e49357Fd4DAf2c15e02058DCE6BC0057db4', 18, 'agEUR', 13939832365861232099651), 'oRETRO', 18)]",18460.65
USDC/USDT (0.01%),0x772510189425ac63f9a5A5eF2fd0C7FDA58CBFC7,"[((b'\xce\xd4t\xfc\xfb\xbf\x02u?\xc3e\xb8\xa8\xa7\x84]\x89Y#\x1e\xc5\x15L\xbe4\xd9l^\x12Ho\xb2', '0x772510189425ac63f9a5A5eF2fd0C7FDA58CBFC7', '0x3A29CAb2E124919d14a6F735b6033a3AaD2B260F', 77185858773562308113060, [], [], 100, 100, 9800, 1702512000, 168, 0, 25000, '0xB419cE2ea99f356BaE0caC47282B9409E38200fa', b''), 100, ('0x2791Bca1f2de4661ED88A30C99A7a9449Aa84174', 6, 'USDC', 294879199581), ('0xc2132D05D31c914a87C6611C10748AEb04B58e8F', 6, 'USDT', 186113806385), 'oRETRO', 18)]",480974.58
WMATIC/MaticX (0.01%),0x9aa18301055091e9da7C57b81633632Fa33B9a80,"[((b'p\x9d,\xa7\xb9\xb6\xdcw\xf1\xe3\x81\xee\xa8\xd9q\x94\n\xc9\xa4\xba\xd3x\x18\xae\xb7^\xe2j\x13(\xa0\xe5', '0x9aa18301055091e9da7C57b81633632Fa33B9a80', '0x3A29CAb2E124919d14a6F735b6033a3AaD2B260F', 10427389128090785296992, [], [], 0, 7000, 3000, 1702512000, 168, 0, 25000, '0xB419cE2ea99f356BaE0caC47282B9409E38200fa', b''), 100, ('0x0d500B1d8E8eF31E21C99d1Db9A6444d3ADf1270', 18, 'WMATIC', 196835085239791004925211), ('0xfa68FB4628DFF1028CFEc22b4162FCcd0d45efb6', 18, 'MaticX', 110984561200761625943013), 'oRETRO', 18)]",257870.29
WMATIC/stMATIC (0.01%),0x2d623c33673248E95C7a1C26aE7065eb7A7Ac0Ea,"[((b""\xf6\x06s'^\xed\xb1\xa5\x1c#\x95h.\xea@\xf6\x01\xbc\xa7\xd9\xc5\x07\xe8\xd1C\x93\xd1\xcc\x0c\x1bW\xb1"", '0x2d623c33673248E95C7a1C26aE7065eb7A7Ac0Ea', '0x3A29CAb2E124919d14a6F735b6033a3AaD2B260F', 173067102510601752072, [], [], 3000, 3000, 4000, 1702512000, 168, 0, 25000, '0xB419cE2ea99f356BaE0caC47282B9409E38200fa', b''), 100, ('0x0d500B1d8E8eF31E21C99d1Db9A6444d3ADf1270', 18, 'WMATIC', 25821502726754058198038), ('0x3A58a54C066FdC0f2D55FC9C89F0415C92eBf3C4', 18, 'stMATIC', 3690874454422546736255), 'oRETRO', 18)]",24234.02
WETH/frxETH (0.01%),0xe5069a75Bdfe8F676B778B0aaDCcC597841F819B,"[((b'\xf0\xb9\xd0\x80v\xa0]Z\xbd\r\xf8\xfa\xb1\xfb\x94\xf7\x9e\x99e\xa7\xf6\xda$\x99""\xb2Y\xb0{\xd1T]', '0xe5069a75Bdfe8F676B778B0aaDCcC597841F819B', '0x3A29CAb2E124919d14a6F735b6033a3AaD2B260F', 6752230246695672307195, [], [], 0, 7000, 3000, 1702512000, 168, 0, 25000, '0xB419cE2ea99f356BaE0caC47282B9409E38200fa', b''), 100, ('0x7ceB23fD6bC0adD59E62ac25578270cFf1b9f619', 18, 'WETH', 20065542806286966425), ('0xEe327F889d5947c1dc1934Bb208a1E792F953E96', 18, 'frxETH', 42479997826259104437), 'oRETRO', 18)]",139677.15
FRAX/frxETH (0.05%),0x38df0c93bf69a9EfB3d3647fF459eF27235A8968,"[((b'O\xe3nuK\xf4\x1f\xa1\xe29\xfe\x8f\xa7\xed\x00\xc3\x9e\x1b\x01\xb9)MZ\xa4\xa8\xd6\xdf\xbcC~lg', '0x38df0c93bf69a9EfB3d3647fF459eF27235A8968', '0x3A29CAb2E124919d14a6F735b6033a3AaD2B260F', 1591369482898854171868, [], [], 0, 7000, 3000, 1702512000, 168, 0, 25000, '0xB419cE2ea99f356BaE0caC47282B9409E38200fa', b''), 500, ('0x45c32fA6DF82ead1e2EF74d17b76547EDdFaFF89', 18, 'FRAX', 6758749532018646675381), ('0xEe327F889d5947c1dc1934Bb208a1E792F953E96', 18, 'frxETH', 3233150697408316613), 'oRETRO', 18)]",13962.79
WMATIC/frxETH (0.05%),0x44AAE81BE8435b6998A66d9642f66DE57DD03FC2,"[((b""\xaf\xdd\xddi@\xcb\xd3\xcd\x80P\xac\xea\xd3'\x84\xde\xf0t\xe3\xdc\xcd\x17\xbf\xf6\xbfd\x01\x12\xa8\x95\xec\x8f"", '0x44AAE81BE8435b6998A66d9642f66DE57DD03FC2', '0x3A29CAb2E124919d14a6F735b6033a3AaD2B260F', 4764086218846932009756, [], [], 3000, 3000, 4000, 1702512000, 168, 0, 25000, '0xB419cE2ea99f356BaE0caC47282B9409E38200fa', b''), 500, ('0x0d500B1d8E8eF31E21C99d1Db9A6444d3ADf1270', 18, 'WMATIC', 18008765893796060763621), ('0xEe327F889d5947c1dc1934Bb208a1E792F953E96', 18, 'frxETH', 6966832270027661721), 'oRETRO', 18)]",30135.34
LINK/LUCHA (0.3%),0x91248C85DD408BD216254C3cFb51fc326290cF7e,"[((b'\x83\x88\xd9\x9cd\x04\xfe\x8b\x163\xb3\xf9$C\x06u\x94\x82\xe0\x0b\xf8x\x16\xb0\xa3\x99p\xc8C\xbf\x9ec', '0x91248C85DD408BD216254C3cFb51fc326290cF7e', '0x3A29CAb2E124919d14a6F735b6033a3AaD2B260F', 6835217405749114363950, [], [], 3000, 3000, 4000, 1702512000, 168, 0, 25000, '0xB419cE2ea99f356BaE0caC47282B9409E38200fa', b''), 3000, ('0x53E0bca35eC356BD5ddDFebbD1Fc0fD03FaBad39', 18, 'LINK', 552777435579412173287), ('0x6749441Fdc8650b5b5a854ed255C82EF361f1596', 18, 'LUCHA', 1134124518241440566773125), 'oRETRO', 18)]",31844.94
CASH/LUCHA (0.3%),0xc666c4b402Bd797185EA419261D22a8f22DDFce6,"[((b"" \t\x7f%\r\xfejx\xb2\xff\xb1!\xac=z\x18\x18\xf9\xc8+C\x14\xe9\xeaEJ\x83\x93\xcc\x9c':"", '0xc666c4b402Bd797185EA419261D22a8f22DDFce6', '0x3A29CAb2E124919d14a6F735b6033a3AaD2B260F', 2229921972330242001671, [], [], 3000, 3000, 4000, 1702512000, 168, 0, 25000, '0xB419cE2ea99f356BaE0caC47282B9409E38200fa', b''), 3000, ('0x5D066D022EDE10eFa2717eD3D79f22F949F8C175', 18, 'CASH', 6839803770544621868239), ('0x6749441Fdc8650b5b5a854ed255C82EF361f1596', 18, 'LUCHA', 310616479474863555993944), 'oRETRO', 18)]",13342.02
USDC/miMATIC (0.3%),0xb090BE2D2F02646057d4DF997A7A983dFb265de0,"[((b'\xa3Aa\x9cOpY4oI\x97\xfb\x97\xeb\xe0\\\xfdy\xa2\x8fS;0,\xcd$b\x05\x87\x06\xb5\xcb', '0xb090BE2D2F02646057d4DF997A7A983dFb265de0', '0x3A29CAb2E124919d14a6F735b6033a3AaD2B260F', 43366341888021165601722, [], [], 9600, 200, 200, 1702512000, 168, 0, 25000, '0xB419cE2ea99f356BaE0caC47282B9409E38200fa', b''), 3000, ('0x2791Bca1f2de4661ED88A30C99A7a9449Aa84174', 6, 'USDC', 86195694969), ('0xa3Fa99A148fA48D14Ed51d610c367C61876997F1', 18, 'miMATIC', 15256407112366050270681), 'oRETRO', 18)]",99738.2
FRAX/miMATIC (0.3%),0xdeB25Dd2d5D168Fd6f80F154d96a2Dab81d61845,"[((b'!\x9f&X\xaa""\xc1\xc3\x82$K\x05\x0c;\xc7\x00\xbc\xfd""\x94\xc4~\xc6Z\xa3A#\n\xb0\x08mg', '0xdeB25Dd2d5D168Fd6f80F154d96a2Dab81d61845', '0x3A29CAb2E124919d14a6F735b6033a3AaD2B260F', 480060629765414621565, [], [], 8500, 500, 1000, 1702512000, 168, 0, 25000, '0xB419cE2ea99f356BaE0caC47282B9409E38200fa', b''), 3000, ('0x45c32fA6DF82ead1e2EF74d17b76547EDdFaFF89', 18, 'FRAX', 4047176271442541999574), ('0xa3Fa99A148fA48D14Ed51d610c367C61876997F1', 18, 'miMATIC', 4157395350696065458820), 'oRETRO', 18)]",7737.53
WMATIC/miMATIC (0.3%),0xC571445Fc93666e1E4FaE2E84A7b74FE6ed3978D,"[((b'\x80r\x07\xdb\x97\xb7\xc3\xbfv}K\x19\xca\xeb\x8b\xda\xc0\x87\x17\xae\xd9\xae\xb4(\x14\xf7\xe5\xb7r\x82\x02^', '0xC571445Fc93666e1E4FaE2E84A7b74FE6ed3978D', '0x3A29CAb2E124919d14a6F735b6033a3AaD2B260F', 792660378555409886748, [], [], 3000, 3000, 4000, 1702512000, 168, 0, 25000, '0xB419cE2ea99f356BaE0caC47282B9409E38200fa', b''), 3000, ('0x0d500B1d8E8eF31E21C99d1Db9A6444d3ADf1270', 18, 'WMATIC', 6416849342729174024806), ('0xa3Fa99A148fA48D14Ed51d610c367C61876997F1', 18, 'miMATIC', 5141057056321965988201), 'oRETRO', 18)]",9770.03
CASH/ERN (0.3%),0x777a87889f42C33f9A1E5c117774694bbd857075,"[((b""F\xbf}\xe4\xe3\\\xca\x8fv\xe8\xdc\xe9\xc5\x1e\xc9\xfd',\xb0\xc9\x1a\t}\xea\xa3GY\x9f\x97\x19V-"", '0x777a87889f42C33f9A1E5c117774694bbd857075', '0x3A29CAb2E124919d14a6F735b6033a3AaD2B260F', 1238310772385154538691, [], [], 3000, 3000, 4000, 1702512000, 168, 0, 25000, '0xB419cE2ea99f356BaE0caC47282B9409E38200fa', b''), 3000, ('0x5D066D022EDE10eFa2717eD3D79f22F949F8C175', 18, 'CASH', 11744915112743176052480), ('0xC3a9a54c043f348027fffAac0F2F996123A19bF4', 18, 'ERN', 18486175361893904324209), 'oRETRO', 18)]",30043.64
ICHI/RETRO (1%),0xC26E1a0cDab4Bf5141530C49F3360f162C5Db5Db,"[((b'\xed\x1bs\x08(\x83D\xbaR\xf2]k\xab\x85+\xf4\xb8r=.\xb5y\xf60\xe3\xfc\x14Y\xb6M\x01G', '0xC26E1a0cDab4Bf5141530C49F3360f162C5Db5Db', '0x3A29CAb2E124919d14a6F735b6033a3AaD2B260F', 324473709136851287753, [], [], 7000, 0, 3000, 1702512000, 168, 0, 25000, '0xB419cE2ea99f356BaE0caC47282B9409E38200fa', b''), 10000, ('0x111111517e4929D3dcbdfa7CCe55d30d4B6BC4d6', 18, 'ICHI', 6588970696744783643796), ('0xBFA35599c7AEbb0dAcE9b5aa3ca5f2a79624D8Eb', 18, 'RETRO', 14670453819013197367959), 'oRETRO', 18)]",14236.15
WMATIC/ICHI (0.3%),0x13d5e61838D93F7962C52dc921FD7C0Ccc092E35,"[((b'\x8c\xd4E[\xa5\x11\xad\xb7~\xceY\xdf+\xef\xed#xjq=\\\xcaG\xb3n\x9c\xce\x05\xe0Um\xa8', '0x13d5e61838D93F7962C52dc921FD7C0Ccc092E35', '0x3A29CAb2E124919d14a6F735b6033a3AaD2B260F', 42524478481244742102500, [], [], 7000, 0, 3000, 1702512000, 168, 0, 25000, '0xB419cE2ea99f356BaE0caC47282B9409E38200fa', b''), 3000, ('0x0d500B1d8E8eF31E21C99d1Db9A6444d3ADf1270', 18, 'WMATIC', 117358064904475722775581), ('0x111111517e4929D3dcbdfa7CCe55d30d4B6BC4d6', 18, 'ICHI', 14741027517603185855170), 'oRETRO', 18)]",123819.81
SD/MaticX (0.3%),0xB97c62834e096858BD0B996b758942dd43d7B5eE,"[((b'\xc8\xa5Lz\x1d\xa3\x14EV\xffz\xba\xb2n\xd4\xed\x11\x99_\xf7\xbcU@\xa6\xb0N\x13\x97?\xad\xf2\xd8', '0xB97c62834e096858BD0B996b758942dd43d7B5eE', '0x3A29CAb2E124919d14a6F735b6033a3AaD2B260F', 215682213335620520451, [], [], 3000, 3000, 4000, 1702512000, 168, 0, 25000, '0xB419cE2ea99f356BaE0caC47282B9409E38200fa', b''), 3000, ('0x1d734A02eF1e1f5886e66b0673b71Af5B53ffA94', 18, 'SD', 1991418386197243979842), ('0xfa68FB4628DFF1028CFEc22b4162FCcd0d45efb6', 18, 'MaticX', 990058479743158754010), 'oRETRO', 18)]",2171.69
stERN/ERN (1%),0x99583057951987beD85CE6934473160bFD4921b9,"[((b'%h\xc2\xc9\x91q\x7f/\x95\xa3\xa8\x9e\x90\x0fc\xec;\xb1^\xbd\xa3V4,\x12l\xea\x80m\xa8X\xe5', '0x99583057951987beD85CE6934473160bFD4921b9', '0x3A29CAb2E124919d14a6F735b6033a3AaD2B260F', 213276217674727688260, [], [], 3000, 3000, 4000, 1702512000, 168, 0, 25000, '0xB419cE2ea99f356BaE0caC47282B9409E38200fa', b''), 10000, ('0x281c4746c902A322B9A951F07893AC51a7221Acc', 18, 'stERN', 3648436608617733564211), ('0xC3a9a54c043f348027fffAac0F2F996123A19bF4', 18, 'ERN', 859224254174207219483), 'oRETRO', 18)]",4590.29
WMATIC/LUCHA (0.3%),0x52BeedA850A7048e9D543668BF54E0d9E1B667E0,"[((b'.\xb7K\x95\xa0N\x89\x0cl\xefRi\xf4\x89\x15\x02S\x11\xa1\xc9\xc0\xb5@\x83\xe8!\x89\xe9\x937:\xe4', '0x52BeedA850A7048e9D543668BF54E0d9E1B667E0', '0x3A29CAb2E124919d14a6F735b6033a3AaD2B260F', 476760972339997785824, [], [], 3000, 3000, 4000, 1702512000, 168, 0, 25000, '0xB419cE2ea99f356BaE0caC47282B9409E38200fa', b''), 3000, ('0x0d500B1d8E8eF31E21C99d1Db9A6444d3ADf1270', 18, 'WMATIC', 493931417656891025010), ('0x6749441Fdc8650b5b5a854ed255C82EF361f1596', 18, 'LUCHA', 31049509011947793338262), 'oRETRO', 18)]",1050.89
LUCHA/WETH (0.3%),0x13136EA148331a07497087bfc31fBCcD9b99123c,"[((b'\xb7\xb2f\x7fU\x17/S\x14D\xf7\xb95\x125\x03\x15\x07%w\xc2\x87v\x9a<\x1b\x12\xb9\xabAr.', '0x13136EA148331a07497087bfc31fBCcD9b99123c', '0x3A29CAb2E124919d14a6F735b6033a3AaD2B260F', 3666820047688195953195, [], [], 2500, 5000, 2500, 1702512000, 168, 0, 25000, '0xB419cE2ea99f356BaE0caC47282B9409E38200fa', b''), 3000, ('0x6749441Fdc8650b5b5a854ed255C82EF361f1596', 18, 'LUCHA', 915295055986338233744683), ('0x7ceB23fD6bC0adD59E62ac25578270cFf1b9f619', 18, 'WETH', 3265108431349268667), 'oRETRO', 18)]",26491.23
JRT/WETH (0.3%),0xAE107e52ebdF151E61d9Fb4Bd800C86c31741465,"[((b'a\x12\xdc\xbf~\xf0\x88\xff\x18+\x97\xc6\xa8L#\xc6\xa9Vn\xcc\x1e0\xf4\n\xdf\x13\xe1\xfa=\xe6Zy', '0xAE107e52ebdF151E61d9Fb4Bd800C86c31741465', '0x3A29CAb2E124919d14a6F735b6033a3AaD2B260F', 15899611488239824802917, [], [], 3000, 3000, 4000, 1702512000, 168, 0, 25000, '0xB419cE2ea99f356BaE0caC47282B9409E38200fa', b''), 3000, ('0x596eBE76e2DB4470966ea395B0d063aC6197A8C5', 18, 'JRT', 10160519945351769470283709), ('0x7ceB23fD6bC0adD59E62ac25578270cFf1b9f619', 18, 'WETH', 11658869153412682392), 'oRETRO', 18)]",102512.59
axlLqdr/CASH (0.3%),0x22c10e61A05a03bcd8BF61a7E648f2330ecdA270,"[((b'>)\xac\xd3.\x7f6\x94aP\x16\xb3H/Q\xb8\x14\xcf""Y\xb2\xf3\x9be\xb2\x9dB""\xd0R\xa9\x1a', '0x22c10e61A05a03bcd8BF61a7E648f2330ecdA270', '0x3A29CAb2E124919d14a6F735b6033a3AaD2B260F', 28093270315831701889591, [], [], 0, 7000, 3000, 1702512000, 168, 0, 25000, '0xB419cE2ea99f356BaE0caC47282B9409E38200fa', b''), 3000, ('0x0294D8eB7857D43FEb1210Db72456d41481f9Ede', 18, 'axlLqdr', 41566967312144331575090), ('0x5D066D022EDE10eFa2717eD3D79f22F949F8C175', 18, 'CASH', 34538442926565458801008), 'oRETRO', 18)]",50151.05
ICHI/CASH (1%),0x8ceD58A2dE3C2ea5D3cED3eb4331158c8cf985Fb,"[((b'\xfc\xcd\xa0\xbd\xc5\xce\\~\xbc\xea\xb7W\xb1\xb8\xc5&\xd2\x8fq\x83\x1c\xe03\xb2\xb1*\xba\x88\x00\xf2\xd9\xd2', '0x8ceD58A2dE3C2ea5D3cED3eb4331158c8cf985Fb', '0x3A29CAb2E124919d14a6F735b6033a3AaD2B260F', 16145105238113939581140, [], [], 3000, 3000, 4000, 1702512000, 168, 0, 25000, '0xB419cE2ea99f356BaE0caC47282B9409E38200fa', b''), 10000, ('0x111111517e4929D3dcbdfa7CCe55d30d4B6BC4d6', 18, 'ICHI', 96458453000457176505210), ('0x5D066D022EDE10eFa2717eD3D79f22F949F8C175', 18, 'CASH', 32338168092390752373378), 'oRETRO', 18)]",219460.03
CASH/STAR (0.05%),0x88C522E526E5Eea8d636fd6805cA7fEB488780D0,"[((b'\xf7;C>)\x7fk\xe6\x98\x89\xae\xe4\xfd\xa8\x9d\xf3\xf1\xed\xf5x\x00\xea+\xdb\xc1\xaa\xa5\xd1\xb2c\xda\x9c', '0x88C522E526E5Eea8d636fd6805cA7fEB488780D0', '0x3A29CAb2E124919d14a6F735b6033a3AaD2B260F', 32740207761196067263652, [], [], 100, 100, 9800, 1702512000, 168, 0, 25000, '0xB419cE2ea99f356BaE0caC47282B9409E38200fa', b''), 500, ('0x5D066D022EDE10eFa2717eD3D79f22F949F8C175', 18, 'CASH', 365897107351957612459732), ('0xC19669A405067927865B40Ea045a2baabbbe57f5', 18, 'STAR', 169092019930037533618397), 'oRETRO', 18)]",534047.08
USDC/STAR (0.01%),0x6De0CA91Ef19A6ce9f02A423ae2dF89Fe09Bff0F,"[((b'\x0b/\xfeu\xb2\xb3\x1e\x9ee>9\xaf#\xc9\x92\x1a\xd5\x86/\xc2\xa79pB\x9d\x12\x1eeA\xe0\xf6\x1e', '0x6De0CA91Ef19A6ce9f02A423ae2dF89Fe09Bff0F', '0x3A29CAb2E124919d14a6F735b6033a3AaD2B260F', 10665782977171046287607, [], [], 100, 100, 9800, 1702512000, 168, 0, 25000, '0xB419cE2ea99f356BaE0caC47282B9409E38200fa', b''), 100, ('0x2791Bca1f2de4661ED88A30C99A7a9449Aa84174', 6, 'USDC', 62156034555), ('0xC19669A405067927865B40Ea045a2baabbbe57f5', 18, 'STAR', 74977577992630127207860), 'oRETRO', 18)]",136753.7
tUSDC/CASH (1%),0x4FcdB2DCc4Ce156c723aD541dba8B39d47284FC5,"[((b'L\xebU\xd7M\x15d\x19\x8f\xe3\r\xf1\x08""\x17\xcf\x86%a\xca\x08\xac\xbdL>n\xbek\x00[\x0b\x82', '0x4FcdB2DCc4Ce156c723aD541dba8B39d47284FC5', '0x3A29CAb2E124919d14a6F735b6033a3AaD2B260F', 7825736587281586160788, [], [], 3000, 3000, 4000, 1702512000, 168, 0, 25000, '0xB419cE2ea99f356BaE0caC47282B9409E38200fa', b''), 10000, ('0x0D397F4515007AE4822703b74b9922508837A04E', 6, 'tUSDC', 28527943487), ('0x5D066D022EDE10eFa2717eD3D79f22F949F8C175', 18, 'CASH', 20481246053891731745702), 'oRETRO', 18)]",36269.54
WBTC/CASH (0.3%),0x2C8F7d92Dc7A414D343CbFB687E31a11F525d29e,"[((b'\xbe\xdd\x8a\xb6@\xe0\xf7K+\xfa2\xec\x04g{^\x17kM\x10\xaf\x0b\xfb/\x07\\t7X\xad\x91e', '0x2C8F7d92Dc7A414D343CbFB687E31a11F525d29e', '0x3A29CAb2E124919d14a6F735b6033a3AaD2B260F', 438335084643972221076, [], [], 3000, 3000, 4000, 1702512000, 168, 0, 25000, '0xB419cE2ea99f356BaE0caC47282B9409E38200fa', b''), 3000, ('0x1BFD67037B42Cf73acF2047067bd4F2C47D9BfD6', 8, 'WBTC', 480683), ('0x5D066D022EDE10eFa2717eD3D79f22F949F8C175', 18, 'CASH', 520969865676535269789), 'oRETRO', 18)]",727.2
WMATIC/DEUS (1%),0xB5cB765e44Eca4bc5a434fFaf6Bf7De235Bc60a5,"[((b'\xd2{\x96\xe8^\x17\xb7P\x9fAG\x05\xc0\xdb\xc9fv\x1e\x07\x19`Z\x0c6\xf2\xb58;\xb6\x93\xfcs', '0xB5cB765e44Eca4bc5a434fFaf6Bf7De235Bc60a5', '0x3A29CAb2E124919d14a6F735b6033a3AaD2B260F', 10383493051769837574887, [], [], 3000, 3000, 4000, 1702512000, 168, 0, 25000, '0xB419cE2ea99f356BaE0caC47282B9409E38200fa', b''), 10000, ('0x0d500B1d8E8eF31E21C99d1Db9A6444d3ADf1270', 18, 'WMATIC', 10242830272927880406351), ('0xDE5ed76E7c05eC5e4572CfC88d1ACEA165109E44', 18, 'DEUS', 149515370438653963284), 'oRETRO', 18)]",17510.53
CASH/fxDOLA (0.05%),0x4b4B895a0dD744B4893aA4370A8F7eDbde5Fd90e,"[((b'\xd9\x8c\x12\x1e\x9f#S\xd3(\xd7\xfa\xf9+\xc2d\xe8\xc6\xb9\x85\xdd\xee\x87\x05R\x14^\x8e\x97S\xd3\xa5\x89', '0x4b4B895a0dD744B4893aA4370A8F7eDbde5Fd90e', '0x3A29CAb2E124919d14a6F735b6033a3AaD2B260F', 22048632663275565874417, [], [], 2000, 6000, 2000, 1702512000, 168, 0, 25000, '0xB419cE2ea99f356BaE0caC47282B9409E38200fa', b''), 500, ('0x5D066D022EDE10eFa2717eD3D79f22F949F8C175', 18, 'CASH', 38783865033596396126240), ('0xbC2b48BC930Ddc4E5cFb2e87a45c379Aab3aac5C', 18, 'fxDOLA', 72548658467481741164964), 'oRETRO', 18)]",110809.12
RETRO/liveRetro (1%),0x6333BB8b6f1DDa6f929d70eDEB9e31c8148dC9ef,"[((b""\xca\xeb\xba\xb8\x95\xf8\xda\xb2\xcf\xf8\x88\x96\xe8\xb7\xbb\xe3\xda\x8b^v\xd8]\xb5\xaf'\xc7D\r5\x8fC\x00"", '0x6333BB8b6f1DDa6f929d70eDEB9e31c8148dC9ef', '0x3A29CAb2E124919d14a6F735b6033a3AaD2B260F', 34471663888981034346366, [], [], 7000, 0, 3000, 1702512000, 168, 0, 25000, '0xB419cE2ea99f356BaE0caC47282B9409E38200fa', b''), 10000, ('0xBFA35599c7AEbb0dAcE9b5aa3ca5f2a79624D8Eb', 18, 'RETRO', 727742094756579403462022), ('0xCaAF554900E33ae5DBc66ae9f8ADc3049B7D31dB', 18, 'liveRetro', 261005929690300686496962), 'oRETRO', 18)]",91192.05
WMATIC/elRETRO (1%),0x6794Db07e2efE1307b8594FBbBFad78E50eC76fa,"[((b'>RWW6\xa0/\x04\x9bJa;\x92\x02-\xd0n\x0f\xa6\xc0\xf7e]$W\xf3%\xc9)\x88I\xa7', '0x6794Db07e2efE1307b8594FBbBFad78E50eC76fa', '0x3A29CAb2E124919d14a6F735b6033a3AaD2B260F', 4762090092728508340960, [], [], 3000, 3000, 4000, 1702512000, 168, 0, 25000, '0xB419cE2ea99f356BaE0caC47282B9409E38200fa', b''), 10000, ('0x0d500B1d8E8eF31E21C99d1Db9A6444d3ADf1270', 18, 'WMATIC', 2893177472320583822714), ('0xFAB311FE3E3be4bB3fEd77257EE294Fb22Fa888b', 18, 'elRETRO', 163327727510323599742818), 'oRETRO', 18)]",10355.43
OATH/WETH (1%),0x0c74834d67c4bf5e6a44D18b2BAc767cddB4CdBf,"[((b'\xe5\x12Y\x84\x94\xbe\xdfP\xb6\x96\x8ea\x07!\xda\xea\xcd\x8f\xec0\xe7\xda8\xb3\xba\x1fD\xfd\xf6\xa7/$', '0x0c74834d67c4bf5e6a44D18b2BAc767cddB4CdBf', '0x3A29CAb2E124919d14a6F735b6033a3AaD2B260F', 142184145116485125507, [], [], 3000, 3000, 4000, 1702512000, 168, 0, 25000, '0xB419cE2ea99f356BaE0caC47282B9409E38200fa', b''), 10000, ('0x7c603C3C0C97a565cf202c94AB5298bF8510f7dc', 18, 'OATH', 165190312238746857007313), ('0x7ceB23fD6bC0adD59E62ac25578270cFf1b9f619', 18, 'WETH', 2816230902118558932), 'oRETRO', 18)]",12016.37
USDC/fxDOLA (0.3%),0x896ffE2cd28Ba13ddDa98103a3B66E82bb36BeE3,"[((b'\xf3|\x11\xacI\xac\x8fU\xeb\x89F,\x1c\xe2\x8e7\xa7\xc3\xdb\x8e\x0fN\x84i\xb6\xab\xee\x02\xc7\xda<\x91', '0x896ffE2cd28Ba13ddDa98103a3B66E82bb36BeE3', '0x3A29CAb2E124919d14a6F735b6033a3AaD2B260F', 21069985219059511782272, [], [], 2000, 6000, 2000, 1702587600, 168, 0, 25000, '0xB419cE2ea99f356BaE0caC47282B9409E38200fa', b''), 3000, ('0x2791Bca1f2de4661ED88A30C99A7a9449Aa84174', 6, 'USDC', 58153703557), ('0xbC2b48BC930Ddc4E5cFb2e87a45c379Aab3aac5C', 18, 'fxDOLA', 46101081868765781505153), 'oRETRO', 18)]",103927.93
USDC/FRAX (0.3%),0x091236A16952BC9e4bB817FFA7aB40263183f658,"[((b'\x07\xe2\x0e\xc2{g#f\x83\x8a\x84r\x03\xaa\xc9\xfbcb\xbb\x89\x08\xbc\xb6N\xa5\xa281\xe0\xad\x8f\xfd', '0x091236A16952BC9e4bB817FFA7aB40263183f658', '0x3A29CAb2E124919d14a6F735b6033a3AaD2B260F', 11881484466489878551054, [], [], 3000, 3000, 4000, 1702512000, 168, 0, 25000, '0xB419cE2ea99f356BaE0caC47282B9409E38200fa', b''), 3000, ('0x2791Bca1f2de4661ED88A30C99A7a9449Aa84174', 6, 'USDC', 16215479076), ('0x45c32fA6DF82ead1e2EF74d17b76547EDdFaFF89', 18, 'FRAX', 135985533023145373782937), 'oRETRO', 18)]",152201.01
WBTC/USDC (0.3%),0x459F42C788E6F8faCe4854DDD59C81a6Ad8BB1Aa,"[((b'uF\t\x90\xa3\xd0\xf5::\x9a\x04\x04\xd0\x97\x18\xd7\x19\xe1\xd3\xc7\xb4?\x92\x05\xbc\xb7\x02\xdc\x08\xf8\xaa\xce', '0x459F42C788E6F8faCe4854DDD59C81a6Ad8BB1Aa', '0x3A29CAb2E124919d14a6F735b6033a3AaD2B260F', 2523758889779285121459, [], [], 7000, 0, 3000, 1702512000, 168, 0, 25000, '0xB419cE2ea99f356BaE0caC47282B9409E38200fa', b''), 3000, ('0x1BFD67037B42Cf73acF2047067bd4F2C47D9BfD6', 8, 'WBTC', 27307081), ('0x2791Bca1f2de4661ED88A30C99A7a9449Aa84174', 6, 'USDC', 5509664750), 'oRETRO', 18)]",17232.32
WETH/ERN (0.3%),0xCF2093da3CeBb8731747EEaCbd486A7fcE2Db901,"[((b's5\x1ej\xaaB\x87E?C\x89\xdd\xb6uGM\xe7\xab\xc8O\xfa\xe3\xc5\rm\xc5t\xbe^\x08\x85s', '0xCF2093da3CeBb8731747EEaCbd486A7fcE2Db901', '0x3A29CAb2E124919d14a6F735b6033a3AaD2B260F', 6511087177562211402245, [], [], 3000, 3000, 4000, 1702512000, 168, 0, 25000, '0xB419cE2ea99f356BaE0caC47282B9409E38200fa', b''), 3000, ('0x7ceB23fD6bC0adD59E62ac25578270cFf1b9f619', 18, 'WETH', 3268032021471286482), ('0xC3a9a54c043f348027fffAac0F2F996123A19bF4', 18, 'ERN', 3640212841668062162298), 'oRETRO', 18)]",10936.81
WETH/JARVIS (0.3%),0xf310d505B85E0378790Af9fDB9b79b40736f7b4D,"[((b'\xfb\x19\x0f\x13\t\xdd1\xea\xb4\xf4\x9bg\xe6)\xaf\xb9\xad\xb1IzH\x82p\\\xcf\x02\xd69\x0e\xb8!\xa6', '0xf310d505B85E0378790Af9fDB9b79b40736f7b4D', '0x3A29CAb2E124919d14a6F735b6033a3AaD2B260F', 27337432939476782329, [], [], 3000, 3000, 4000, 1702512000, 168, 0, 25000, '0xB419cE2ea99f356BaE0caC47282B9409E38200fa', b''), 3000, ('0x7ceB23fD6bC0adD59E62ac25578270cFf1b9f619', 18, 'WETH', 52568934047967), ('0xe292178333Fc7424211795895865adac05bAf3bE', 18, 'JARVIS', 999999999999999363), 'oRETRO', 18)]",0.12
